[
  {
    "icon": "fa fa-home",
    "slug": "external",
    "title": "Volver al inicio",
    "path": "index.html"
  },
  {
    "id": 1,
    "icon": "fa fa-play-circle",
    "slug": "intro",
    "title": "Introducción",
    "breadcrumb": ["Inicio","intro"],
    "path": "pages/1-tema.html"
  },
  {
    "id": 2,
    "icon": "fa fa-file-text",
    "slug": "conjuntos",
    "title": "1. Conjuntos numéricos",
    "breadcrumb": ["Inicio","conjuntos"],
    "path": "pages/2-tema.html",
    "submenu": [
      {
        "icon": "fa fa-file-text",
        "slug": "conjuntos",
        "title": "1.1 Números naturales",
        "anchor": "numero1"
      },
      {
        "icon": "fa fa-file-text",
        "slug": "conjuntos",
        "title": "1.2 Números enteros",
        "anchor": "numero2"
      },
      {
        "icon": "fa fa-file-text",
        "slug": "conjuntos",
        "title": "1.3 Números racionales",
        "anchor": "numero3"
      },
      {
        "icon": "fa fa-file-text",
        "slug": "conjuntos",
        "title": "1.4 Números irracionales",
        "anchor": "numero4"
      },
      {
        "icon": "fa fa-file-text",
        "slug": "conjuntos",
        "title": "1.5 Números reales",
        "anchor": "numero5"
      },
      {
        "icon": "fa fa-file-text",
        "slug": "conjuntos",
        "title": "1.6 Números complejos e imaginarios",
        "anchor": "numero6"
      }
    ]
  },
  {
    "id": 3,
    "icon": "fa fa-file-text",
    "slug": "operaciones",
    "title": "2. Operaciones aritméticas",
    "breadcrumb": ["Inicio","operaciones"],
    "path": "pages/3-tema.html",
    "submenu": [
      {
        "icon": "fa fa-file-text",
        "slug": "operaciones",
        "title": "2.1 Jerarquía de operaciones",
        "anchor": "jerarquia"
      },
      {
        "icon": "fa fa-file-text",
        "slug": "operaciones",
        "title": "2.2 Operaciones en números enteros",
        "anchor": "operaciones1"
      },
      {
        "icon": "fa fa-file-text",
        "slug": "operaciones",
        "title": "2.3 Operaciones en los números racionales",
        "anchor": "operaciones2"
      },
      {
        "icon": "fa fa-file-text",
        "slug": "operaciones",
        "title": "2.4 Multiplicación de números racionales (fracciones)",
        "anchor": "multiplicaciones"
      },
      {
        "icon": "fa fa-file-text",
        "slug": "operaciones",
        "title": "2.5 División de fracciones",
        "anchor": "division"
      },
      {
        "icon": "fa fa-file-text",
        "slug": "operaciones",
        "title": "2.6 Potencias y raíces",
        "anchor": "potencia"
      },
      {
        "icon": "fa fa-file-text",
        "slug": "operaciones",
        "title": "2.7 Operaciones en los números irracionales",
        "anchor": "operaciones3"
      }
    ]
  },
  {
    "id": 4,
    "icon": "fa fa-file-text",
    "slug": "razones",
    "title": "3. Razones y proporciones",
    "breadcrumb": ["Inicio","razones"],
    "path": "pages/4-tema.html",
    "submenu": [
      {
        "icon": "fa fa-file-text",
        "slug": "razones",
        "title": "3.1 Proporcionalidad",
        "anchor": "proporcionalidad"
      },
      {
        "icon": "fa fa-file-text",
        "slug": "razones",
        "title": "3.2 Porcentaje",
        "anchor": "porcentaje"
      },
      {
        "icon": "fa fa-file-text",
        "slug": "razones",
        "title": "3.3 Regla de tres",
        "anchor": "regla"
      },
      {
        "icon": "fa fa-file-text",
        "slug": "razones",
        "title": "3.4 Proporcionalidad inversa (regla de tres simple inversa)",
        "anchor": "proporcionalidad1"
      }
    ]
  }
]